plithos stoixeion katanomis,xronos katanomis,ipodianisma1,ipodiastima2,ipodiastima3
10000,0.010179996490478516,4095,829,418
10000,0.008962154388427734,4095,829,418
